structureRankPerFormula	formulaRank	ConfidenceScore	CSI:FingerIDScore	molecularFormula	adduct	InChIkey2D	InChI	name	smiles	xlogp	pubchemids	links	dbflags
1	1	0.08800446565004999	-64.32019957652498	C6H12O	[M + H]+	LRCSSKKJLMMNER	InChI=1S/C6H12O/c1-3-5-6-7-4-2/h2H,3-6H2,1H3	null	CCCCOC[CH]	1.96141386	59054988	PubChem:(59054988)	2
2	1	N/A	-65.2127681207835	C6H12O	[M + H]+	OSIFOYFCGPSBJE	InChI=1S/C6H12O/c1-3-5-7-6-4-2/h1H,3-6H2,2H3	null	CCCOCC[CH]	1.96141386	59063843	PubChem:(59063843)	2
3	1	N/A	-80.36669768992034	C6H12O	[M + H]+	KPEQNVUFSUUSAQ	InChI=1S/C6H12O/c1-3-4-5-6-7-2/h5-6H,3-4H2,1-2H3	1-Pentene, 1-methoxy-	CCCC=COC	2.0	19899791;54006423;59946561	PubChem:(19899791 54006423 59946561)	2
4	1	N/A	-83.19573518105125	C6H12O	[M + H]+	WWIALBHTNOWKFC	InChI=1S/C6H12O/c1-3-4-5-6(2)7/h1,6-7H,3-5H2,2H3	null	CC(CCC[CH])O	2.02238035	59317466	PubChem:(59317466)	2
5	1	N/A	-83.19573518105125	C6H12O	[M + H]+	WCLPBJKJIBGWOO	InChI=1S/C6H12O/c1-3-4-5-6(2)7/h3,7H,4-5H2,1-2H3	null	C[CH]CC[C](C)O	2.02238035	135044183	PubChem:(135044183)	2
6	1	N/A	-83.19573518105125	C6H12O	[M + H]+	PQDHPVVTQHDORC	InChI=1S/C6H12O/c1-3-4-5-6(2)7/h2,6-7H,3-5H2,1H3	null	CCCCC([CH])O	2.02238035	59303799	PubChem:(59303799)	2
7	1	N/A	-85.78975001355512	C6H12O	[M + H]+	FEZPASJKNCOSOI	InChI=1S/C6H12O/c1-4-5-7-6(2)3/h2,4-5H2,1,3H3	1-Propene, 2-propoxy-	CCCOC(=C)C	2.0999999	14324660	PubChem:(14324660)	2
8	1	N/A	-86.99240022637377	C6H12O	[M + H]+	JYZABFNSADLAOU	InChI=1S/C6H13O/c1-4-6(3)7-5-2/h4-5H2,1-3H3/q+1	Oxonium, ethyl(1-methylpropylidene)-	CC[C+](C)OCC	1.79999995	21719875	PubChem:(21719875)	2
9	1	N/A	-87.09190550906457	C6H12O	[M + H]+	OZCMOJQQLBXBKI	InChI=1S/C6H12O/c1-4-7-5-6(2)3/h4,6H,1,5H2,2-3H3	Isobutoxyethene	CC(C)COC=C	2.20000005	7992	NORMAN:(NS00007963);PubChem class - safety and toxic;PubChem:(7992);PubMed	67371074
10	1	N/A	-87.30477890097666	C6H12O	[M + H]+	UZKWTJUDCOPSNM	InChI=1S/C6H12O/c1-3-5-6-7-4-2/h4H,2-3,5-6H2,1H3	Butoxyethene	CCCCOC=C	2.0999999	8108;10351657;134967879	NORMAN:(NS00006709);COCONUT:(CNP0077236);PubChem:(8108 10351657 134967879);HSDB:(111-34-2);MeSH:(8108);PubChem class - safety and toxic;PubMed	69468742
11	1	N/A	-91.01280023248691	C6H12O	[M + H]+	XVSUEESYTQQLQO	InChI=1S/C6H12O/c1-3-4-5-6-7-2/h3-5H2,1-2H3	null	CCCC[C]OC	1.89999998	44208277	PubChem:(44208277)	2
12	1	N/A	-91.01280023248691	C6H12O	[M + H]+	IWVKDVWIMKIFFC	InChI=1S/C6H12O/c1-3-4-5-6-7-2/h2H,3-6H2,1H3	null	CCCCCO[CH]	1.89999998	59514405	PubChem:(59514405)	2
13	1	N/A	-92.43251907112854	C6H12O	[M + H]+	MTIROVVXMQNOSL	InChI=1S/C6H12O/c1-4-6(2)5-7-3/h3,6H,4-5H2,1-2H3	null	CCC(C)CO[CH]	1.79999995	58104734	PubChem:(58104734)	2
14	1	N/A	-92.61749142756763	C6H12O	[M + H]+	SPWMFXSIAMGJPC	InChI=1S/C6H12O/c1-3-5-6(7)4-2/h4,7H,3,5H2,1-2H3	2-hexen-3-ol	CCCC(=CC)O	1.89999998	85978;21721056;22227611	PubChem:(85978 21721056 22227611);NORMAN:(NS00054884)	262146
15	1	N/A	-93.35495330091359	C6H12O	[M + H]+	COIPQIFWUIDWLU	InChI=1S/C6H12O/c1-4-5(2)6(3)7/h4-7H,1H2,2-3H3	3-Methyl-4-penten-2-ol	CC(C=C)C(C)O	1.39999998	544701;12420332;12420333;11263475;11309480	PubChem:(544701 12420332 12420333 11263475 11309480);PubMed	66
16	1	N/A	-95.7920611465272	C6H12O	[M + H]+	ZDBMWZXXEGEISK	InChI=1S/C6H13O/c1-3-5-6-7-4-2/h2-6H2,1H3/q+1	null	CCCCOC[CH2+]	0.0	135973541	PubChem:(135973541)	2
17	1	N/A	-97.26147437813007	C6H12O	[M + H]+	PIUJWWBOMGMSAY	InChI=1S/C6H12O/c1-4-6(3)7-5-2/h5-6H,2,4H2,1,3H3	Butane, 2-(ethenyloxy)-	CCC(C)OC=C	2.20000005	13172912;124418329;124418330	PubChem:(13172912 124418329 124418330)	2
18	1	N/A	-97.74480178592755	C6H12O	[M + H]+	UJRGRBBBXPOLQD	InChI=1S/C6H13O/c1-5(2)7-6(3)4/h5H,1-4H3/q+1	null	CC(C)O[C+](C)C	0.0	21719876	PubChem:(21719876)	2
19	1	N/A	-97.96008033905112	C6H12O	[M + H]+	CDQAAEAZCQBEJQ	InChI=1S/C6H12O/c1-5(2)4-6(3)7/h5,7H,3-4H2,1-2H3	null	CC(C)CC(=C)O	2.0999999	12679742	PubChem:(12679742)	2
20	1	N/A	-98.9197138555142	C6H12O	[M + H]+	NCZKZBDWVLSRHT	InChI=1S/C6H13O/c1-3-5-7-6-4-2/h1,3-6H2,2H3/q+1	null	CCCOCC[CH2+]	0.0	136785366	PubChem:(136785366)	2
21	1	N/A	-100.84500591502663	C6H12O	[M + H]+	QUGNEAVPOVXSEZ	InChI=1S/C6H13O/c1-3-4-5-6-7-2/h3H,4-6H2,1-2H3/q+1	null	C[CH+]CCCOC	1.89999998	101152445;101152447	PubChem:(101152445 101152447)	2
22	1	N/A	-101.25468147573083	C6H12O	[M + H]+	LLRLGTWHOLEQOM	InChI=1S/C6H12O/c1-5(2)4-6(3)7/h1,5-7H,4H2,2-3H3	null	CC([CH])CC(C)O	1.70000005	58607142	PubChem:(58607142)	2
23	1	N/A	-101.38380109653124	C6H12O	[M + H]+	HEEAIHKOVDRAIC	InChI=1S/C6H12O/c1-3-4-5-6(2)7/h5,7H,3-4H2,1-2H3	Methylpentenol	CCCC=C(C)O	2.0999999	176548;6442156;12627084	COCONUT:(CNP0268446);Natural Products:(UNPD28375);PubChem:(176548 6442156 12627084)	2129922
24	1	N/A	-101.57605819539589	C6H12O	[M + H]+	NTXOAYYHJHJLCN	InChI=1S/C6H12O/c1-3-5-7-6-4-2/h3,5H,4,6H2,1-2H3	Ether,1- propenyl propyl	CCCOC=CC	2.0	547096;5365240;5365241	PubChem:(547096 5365240 5365241)	2
25	1	N/A	-104.10713165854867	C6H12O	[M + H]+	CVEARUDSOVGFAJ	InChI=1S/C6H12O/c1-4-7-5-6(2)3/h2,4-5H2,1,3H3	1-Propene, 3-ethoxy-2-methyl-	CCOCC(=C)C	1.70000005	10909503	PubChem:(10909503)	2
26	1	N/A	-104.85330379905949	C6H12O	[M + H]+	IOMJAOKYRWWMNU	InChI=1S/C6H12O/c1-3-4-5-6(2)7/h7H,2-5H2,1H3	1-Hexen-2-ol	CCCCC(=C)O	2.20000005	12679740;60040809	PubChem:(12679740 60040809)	2
27	1	N/A	-106.09198859492969	C6H12O	[M + H]+	BZXUFYSMHAEJAU	InChI=1S/C6H12O/c1-4-6(2)5-7-3/h5H,4H2,1-3H3	(E)-1-methoxy-2-methylbut-1-ene	CCC(=COC)C	2.0999999	50543;3033474;3033475	PubChem:(50543 3033474 3033475)	2
28	1	N/A	-107.05464626388644	C6H12O	[M + H]+	CKWLIPZHAXWCLG	InChI=1S/C6H12O/c1-3-4-5-6(2)7/h3-4,6-7H,5H2,1-2H3	(4E)-4-hexen-2-ol	CC=CCC(C)O	1.29999995	10796710;10855391;12577074;11137107;25240905;53404864;102067166;100935687;134864577	COCONUT:(CNP0217280);PubChem:(10796710 10855391 12577074 11137107 25240905 53404864 102067166 100935687 134864577);PubMed	2097218
29	1	N/A	-108.32605563782127	C6H12O	[M + H]+	LWJHSQQHGRQCKO	InChI=1S/C6H12O/c1-3-5-7-6-4-2/h3H,1,4-6H2,2H3	1-allyloxy-propane	CCCOCC=C	1.60000002	15119;10080348	NORMAN:(NS00024818);PubChem class - safety and toxic;PubChem:(15119 10080348)	67371010
30	1	N/A	-109.48660279517298	C6H12O	[M + H]+	PZTJLXKMZNFWKQ	InChI=1S/C6H13O/c1-4-6-7(3)5-2/h5H,2,4,6H2,1,3H3/q+1	null	CCC[O+](C)C=C	0.0	91324499	PubChem:(91324499)	2
31	1	N/A	-109.75254591013677	C6H12O	[M + H]+	WGBHWNNNRKACER	InChI=1S/C6H12O/c1-4-5-6(2)7-3/h4,6H,1,5H2,2-3H3	4-Methoxy-1-pentene	CC(CC=C)OC	1.60000002	547696;89091703;101919259	PubChem:(547696 89091703 101919259)	2
32	1	N/A	-110.34974410012018	C6H12O	[M + H]+	IHCLUFSKPOJGDC	InChI=1S/C6H12O/c1-4-7-5-6(2)3/h5H,4H2,1-3H3	1-Propene, 1-ethoxy-2-methyl-	CCOC=C(C)C	2.0	11051587	PubChem:(11051587)	2
33	1	N/A	-111.96611078694436	C6H12O	[M + H]+	JROPOHBNADIELR	InChI=1S/C6H12O/c1-4-6(2)5-7-3/h4,6H,1,5H2,2-3H3	1-Methoxy-2-methyl-3-butene	CC(COC)C=C	1.5	542337;57948560;57948565	PubChem:(542337 57948560 57948565)	2
34	1	N/A	-112.26556284149972	C6H12O	[M + H]+	HCHJSQGMAQVHNO	InChI=1S/C6H12O/c1-4-5-7-6(2)3/h4,6H,1,5H2,2-3H3	2-prop-2-enoxypropane	CC(C)OCC=C	1.5	138673	PubChem:(138673)	2
35	1	N/A	-112.41426139980415	C6H12O	[M + H]+	JEJCCEAYQMROLL	InChI=1S/C6H12O/c1-6(2)4-3-5-7/h3,5-7H,4H2,1-2H3	null	CC(C)CC=CO	2.0	22598252;54465990	PubChem:(22598252 54465990)	2
36	1	N/A	-112.70861332393446	C6H12O	[M + H]+	ZLFHFJJIMSZNHV	InChI=1S/C6H12O/c1-4-6(3)7-5-2/h3-5H2,1-2H3	null	CCC(=C)OCC	2.0	11007828	PubChem:(11007828)	2
37	1	N/A	-112.83883588325212	C6H12O	[M + H]+	IYFJMSOPJUQBSR	InChI=1S/C6H12O/c1-3-4-5-6-7-2/h3-4H,5-6H2,1-2H3	2-Pentene, 5-methoxy-	CC=CCCOC	1.39999998	542335;5364219;59946556	PubChem:(542335 5364219 59946556)	2
38	1	N/A	-113.11061467720928	C6H12O	[M + H]+	WLNGEWJRGOHNAA	InChI=1S/C6H12O/c1-4-3-6(4)5(2)7/h4-7H,3H2,1-2H3	(1S)-1-[(1S,2S)-2-methylcyclopropyl]ethanol	CC1CC1C(C)O	1.20000005	12627075;12627076;12627079;12627080;11819048;65421338;79005421;89375896;89390470;130126437;130126438;130128385;129256151;134931327	PubChem:(12627075 12627076 12627079 12627080 11819048 65421338 79005421 89375896 89390470 130126437 130126438 130128385 129256151 134931327)	2
39	1	N/A	-113.79608914588661	C6H12O	[M + H]+	MLALRMZPIVORPQ	InChI=1S/C6H12O/c1-5(2)7-6(3)4/h6H,1H2,2-4H3	2-prop-1-en-2-yloxypropane	CC(C)OC(=C)C	2.0	546996	PubChem:(546996)	2
40	1	N/A	-114.27772276051081	C6H12O	[M + H]+	IKDJETWTVWBJRW	InChI=1S/C6H12O/c1-4-5(2)6(3)7/h5,7H,3-4H2,1-2H3	null	CCC(C)C(=C)O	2.0	12643841;88944317;89203555	PubChem:(12643841 88944317 89203555)	2
41	1	N/A	-115.0622519611593	C6H12O	[M + H]+	HOBMRFOADKWGMD	InChI=1S/C6H12O/c1-4-5-6(2)7-3/h2,4-5H2,1,3H3	2-Methoxy-1-pentene	CCCC(=C)OC	2.0	143007	PubChem:(143007)	2
42	1	N/A	-115.18831473016655	C6H12O	[M + H]+	YJWJGLQYQJGEEP	InChI=1S/C6H12O/c1-3-6(2)4-5-7/h5-6H,3-4H2,1-2H3	3-Ethylbutanal	CCC(C)CC=O	1.5	27523;12477205;12477208	NORMAN:(NS00054038);PubChem class - safety and toxic;PubChem:(27523 12477205 12477208);YMDB Mine;PubMed	34427109442
43	1	N/A	-115.35963056926863	C6H12O	[M + H]+	NDACTLNPNAMFLK	InChI=1S/C6H12O/c1-6(2)4-5-7-3/h4-6H,1-3H3	1-Butene, 1-methoxy-3-methyl-	CC(C)C=COC	1.79999995	141672;5367927;5367934	PubChem:(141672 5367927 5367934)	2
44	1	N/A	-115.76864461797354	C6H12O	[M + H]+	SZKVYEHTIWILMA	InChI=1S/C6H12O/c1-4-6(7)5(2)3/h4-7H,1H2,2-3H3	4-methylpent-1-en-3-ol	CC(C)C(C=C)O	1.60000002	20929;12477263;11083836	PubChem:(20929 12477263 11083836)	2
45	1	N/A	-116.49327964081826	C6H12O	[M + H]+	YCVHIAQANWEUFE	InChI=1S/C6H12O/c1-3-4-5-6-7-2/h4-5H,3,6H2,1-2H3	Z-1-Methoxy-2-pentene	CCC=CCOC	1.39999998	551185;5366213;6536896	PubChem:(551185 5366213 6536896)	2
46	1	N/A	-117.45853710548347	C6H12O	[M + H]+	NDYRMWZHBBMBGD	InChI=1S/C6H12O/c1-3-5-6-7-4-2/h3,5H,4,6H2,1-2H3	1-ethoxybut-2-ene	CCOCC=CC	1.29999995	316613;5943298;5358345	PubChem:(316613 5943298 5358345)	2
47	1	N/A	-117.92237723147983	C6H12O	[M + H]+	AGRPLOCFJJPWQX	InChI=1S/C6H12O/c1-2-3-4-5-6-7/h1,7H,2-6H2	null	[CH]CCCCCO	2.01907182	59967783	PubChem:(59967783)	2
48	1	N/A	-118.22703773506494	C6H12O	[M + H]+	LYVRVCFZVSEJQS	InChI=1S/C6H12O/c1-4-6(3)7-5-2/h4H,5H2,1-3H3	null	CCOC(=CC)C	1.79999995	10866267;12664944;87172805	PubChem:(10866267 12664944 87172805)	2
49	1	N/A	-118.2954721366926	C6H12O	[M + H]+	AQTYNINXYJFSHD	InChI=1S/C6H12O/c1-3-5-6-7-4-2/h5-6H,3-4H2,1-2H3	1-Ethoxy-1-butene	CCC=COCC	1.89999998	138375;5364929;5364930	PubChem:(138375 5364929 5364930);PubChem class - safety and toxic	67108866
50	1	N/A	-119.26191323763679	C6H12O	[M + H]+	ZUQOHENQXGWDMQ	InChI=1S/C6H12O/c1-4-6(3)7-5-2/h4,6H,1,5H2,2-3H3	1-Butene-3-ethoxy	CCOC(C)C=C	1.5	545782	PubChem:(545782)	2
51	1	N/A	-119.38495353726233	C6H12O	[M + H]+	WMBNADAUNHFPFW	InChI=1S/C6H12O/c1-6(2,3)5-7-4/h4H,5H2,1-3H3	null	CC(C)(C)CO[CH]	1.79999995	59694555	PubChem:(59694555)	2
52	1	N/A	-119.55449059623074	C6H12O	[M + H]+	CTHUAOGQNZSMMC	InChI=1S/C6H12O/c1-3-4-6(2)5-7/h3,6-7H,1,4-5H2,2H3	2-Methyl-4-penten-1-ol	CC(CC=C)CO	1.39999998	534258;11115994;11274972;101485406	PubChem:(534258 11115994 11274972 101485406);PubMed	66
53	1	N/A	-120.452605866836	C6H12O	[M + H]+	KNQQUHYWTTUEQJ	InChI=1S/C6H12O/c1-5(7)4-6-2-3-6/h5-7H,2-4H2,1H3	1-cyclopropylpropan-2-ol	CC(CC1CC1)O	1.39999998	20074043;75539610;75539611	PubChem:(20074043 75539610 75539611)	2
54	1	N/A	-121.64038511501417	C6H12O	[M + H]+	MDKHWQOIPAYTRW	InChI=1S/C6H13O/c1-4-5-6(2)7-3/h4-5H2,1-3H3/q+1	null	CCC[C+](C)OC	1.79999995	86022167	PubChem:(86022167)	2
55	1	N/A	-121.9917304106523	C6H12O	[M + H]+	PJWDWSAWBAVCKI	InChI=1S/C6H13O/c1-6(2)4-3-5-7/h7H,3-5H2,1-2H3/q+1	null	C[C+](C)CCCO	1.60000002	102080379	PubChem:(102080379)	2
56	1	N/A	-122.88237772087396	C6H12O	[M + H]+	ASBVUFDJJLZGSD	InChI=1S/C6H12O/c1-4-3-5(2)6(4)7/h4-7H,3H2,1-2H3	null	CC1CC(C1O)C	1.29999995	67317342	PubChem:(67317342)	2
57	1	N/A	-124.18567789918725	C6H12O	[M + H]+	FTZILAQGHINQQR	InChI=1S/C6H12O/c1-3-4-6(2)5-7/h5-6H,3-4H2,1-2H3	2-Formylpentane	CCCC(C)C=O	1.70000005	31245;6994104;6999050;58195904;91513294	HMDB:(31578);PubChem class - food;SuperNatural:(SN00349696);ZINC bio:(ZINC01681318 ZINC02015539);HSDB:(123-15-9);PubMed;NORMAN:(NS00004366);COCONUT:(CNP0370387);Natural Products:(UNPD189456);PubChem:(31245 6994104 6999050 58195904 91513294);CHEBI:(89986);PubChem class - bio and metabolites;PubChem class - safety and toxic	221553258
58	1	N/A	-124.23349799767529	C6H12O	[M + H]+	QBMCEKQYOJEQMS	InChI=1S/C6H12O/c1-3-6(2)4-5-7/h4-7H,3H2,1-2H3	(E)-3-methylpent-1-en-1-ol	CCC(C)C=CO	2.0	19861671;59693407	PubChem:(19861671 59693407)	2
59	1	N/A	-124.4226209640025	C6H12O	[M + H]+	IKTIMEBIJIVVLG	InChI=1S/C6H12O/c1-4(2)5-3-6(5)7/h4-7H,3H2,1-2H3	2-propan-2-ylcyclopropan-1-ol	CC(C)C1CC1O	1.29999995	14453671;59618526;58254132;58254301;69887544;69927061;69927510	PubChem:(14453671 59618526 58254132 58254301 69887544 69927061 69927510)	2
60	1	N/A	-124.66987726802341	C6H12O	[M + H]+	GCFVJHKEPFMQPP	InChI=1S/C6H12O/c1-3-4-5-6-7-2/h3H,1,4-6H2,2H3	1-Pentene, 5-methoxy-	COCCCC=C	1.5	542338	PubChem:(542338)	2
61	1	N/A	-124.8543427290225	C6H12O	[M + H]+	PLGKZYGGZOMZHL	InChI=1S/C6H12O/c1-4-5-7-6(2)3/h4-6H,1-3H3	(1Z)-1-Isopropoxy-1-propene	CC=COC(C)C	1.89999998	138148;5365243;5463215	PubChem:(138148 5365243 5463215)	2
62	1	N/A	-124.89866173724283	C6H12O	[M + H]+	RWOKSHXRXBYVOC	InChI=1S/C6H12O/c1-6(2)4-5-7-3/h1,4-5H2,2-3H3	1-Methoxy-3-methyl-3-butene	CC(=C)CCOC	1.79999995	542352	PubChem:(542352)	2
63	1	N/A	-124.98451995058086	C6H12O	[M + H]+	CIRMKJJAVZRHND	InChI=1S/C6H12O/c1-5(2)4-6(3)7/h4-5,7H,1-3H3	null	CC(C)C=C(C)O	1.89999998	12515267;22365528	PubChem:(12515267 22365528)	2
64	1	N/A	-125.67808622714531	C6H12O	[M + H]+	DKQFBUMLBKKLLP	InChI=1S/C6H12O/c1-3-5-6-7-4-2/h3H,1,4-6H2,2H3	4-ethoxybut-1-ene	CCOCCC=C	1.60000002	533994	PubChem:(533994)	2
65	1	N/A	-126.05834625814454	C6H12O	[M + H]+	VJWPDEOVRRJIGI	InChI=1S/C6H12O/c1-5(2)7-6-3-4-6/h5-6H,3-4H2,1-2H3	propan-2-yloxycyclopropane	CC(C)OC1CC1	1.39999998	225034	PubChem:(225034)	2
66	1	N/A	-126.14371420263646	C6H12O	[M + H]+	QMGLMRPHOITLSN	InChI=1S/C6H12O/c1-5-3-6(2)7-4-5/h5-6H,3-4H2,1-2H3	2,4-dimethyloxolane	CC1CC(OC1)C	1.39999998	520942;6432406;14585207;58689673;70311342;88976377;130224759;130381683	PubChem:(520942 6432406 14585207 58689673 70311342 88976377 130224759 130381683)	2
67	1	N/A	-126.26369968283109	C6H12O	[M + H]+	SNGMHLMHLWZZOA	InChI=1S/C6H12O/c1-5-3-6(4-5)7-2/h5-6H,3-4H2,1-2H3	null	CC1CC(C1)OC	1.39999998	53736293	PubChem:(53736293)	2
68	1	N/A	-126.58826266058423	C6H12O	[M + H]+	PUUVAWLUFOJPSV	InChI=1S/C6H12O/c1-5(2)7-6(3)4/h1-4H3	null	C[C-](C)[O+]=C(C)C	0.600000024	139152385	PubChem:(139152385)	2
69	1	N/A	-126.9841336094268	C6H12O	[M + H]+	OVXXOYNXYWNSJE	InChI=1S/C6H12O/c1-5(4-7)6-2-3-6/h5-7H,2-4H2,1H3	(1-Methylcyclopropyl)carbinol;(1-Methylcyclopropyl)methanol;1-Methyl-1-cyclopropanemethanol;1-Methylcyclopropanemethanol;	CC(CO)C1CC1	1.5	16211654;70265889;94865617	PubChem:(16211654 70265889 94865617)	2
70	1	N/A	-127.02312873870919	C6H12O	[M + H]+	VTCQTYOGWYLVES	InChI=1S/C6H12O/c1-3-6(2)4-5-7/h3,6-7H,1,4-5H2,2H3	3-Methyl-4-penten-1-ol	CC(CCO)C=C	1.29999995	123525;11062316;92287935	PubChem:(123525 11062316 92287935)	2
71	1	N/A	-128.43349924753042	C6H12O	[M + H]+	ZDBZGZFXYIWLTQ	InChI=1S/C6H12O/c1-3-5-6(7)4-2/h5,7H,3-4H2,1-2H3	3Z-Hexen-3-ol	CCC=C(CC)O	2.0	15253373;21683846;53944639	PubChem:(15253373 21683846 53944639);CHEBI:(137815)	34
72	1	N/A	-128.9352840564685	C6H12O	[M + H]+	HMUANOMBLKPVPV	InChI=1S/C6H13O/c1-5(2)6(3)7-4/h5H,1-4H3/q+1	null	CC(C)[C+](C)OC	1.79999995	101384458	PubChem:(101384458)	2
73	1	N/A	-129.03589492119443	C6H12O	[M + H]+	KWJWHRREWNZDTL	InChI=1S/C6H12O/c1-5(7)6(2,3)4/h1,5,7H,2-4H3	null	CC(C)(C)C([CH])O	1.64711952	134865030	PubChem:(134865030)	2
74	1	N/A	-129.06791433161112	C6H12O	[M + H]+	AKUUEDVRXOZTBF	InChI=1S/C6H12O/c1-5(2)6(3)4-7/h4-6H,1-3H3	2,3-dimethylbutanal	CC(C)C(C)C=O	1.60000002	102752;5289546;6323535	NORMAN:(NS00045581);PubChem:(102752 5289546 6323535);YMDB Mine;KEGG Mine;PubChem class - bio and metabolites	42966712322
75	1	N/A	-129.08250650994623	C6H12O	[M + H]+	FVAHHPPJYLVIIC	InChI=1S/C6H12O/c1-5-3-7-4-6(5)2/h5-6H,3-4H2,1-2H3	3,4-dimethyloxolane	CC1COCC1C	1.39999998	543880;641783;641784;21679644;60122170;59071088	PubChem:(543880 641783 641784 21679644 60122170 59071088)	2
76	1	N/A	-129.33288806804603	C6H12O	[M + H]+	DGFAPXFUZSHNHQ	InChI=1S/C6H12O/c1-4-6(7)5(2)3/h4-5,7H,1-3H3	null	CC=C(C(C)C)O	1.89999998	12180811;12180813	PubChem:(12180811 12180813)	2
77	1	N/A	-130.34446159459466	C6H12O	[M + H]+	NGYOIIKMXADFKD	InChI=1S/C6H12O/c1-3-7-6-4-5(6)2/h5-6H,3-4H2,1-2H3	null	CCOC1CC1C	1.39999998	53861228;68366539;89011355	PubChem:(53861228 68366539 89011355)	2
78	1	N/A	-130.93631214601947	C6H12O	[M + H]+	ITDXMLZSEZDMFN	InChI=1S/C6H12O/c1-3-4-6(2)5-7/h3-4,6-7H,5H2,1-2H3	3-Penten-1-ol, 2-methyl-	CC=CC(C)CO	1.20000005	534922;5362823;11788267;15575845;101124729;131238625;135039426;134974366	PubChem:(534922 5362823 11788267 15575845 101124729 131238625 135039426 134974366)	2
79	1	N/A	-131.20324269532296	C6H12O	[M + H]+	JGEGJYXHCFUMJF	InChI=1S/C6H12O/c1-6(2)4-3-5-7/h5-6H,3-4H2,1-2H3	isohexana	CC(C)CCC=O	1.29999995	129;71750512	HMDB:(1318);PubChem class - food;SuperNatural:(SN00215995);ZINC bio:(ZINC01529424);MeSH:(129);Plantcyc:(4-METHYLPENTANAL);PubMed;NORMAN:(NS00021523);COCONUT:(CNP0198082);PubChem:(129 71750512);YMDB Mine;CHEBI:(17998);PubChem class - bio and metabolites;KEGG:(C02373);PubChem class - safety and toxic;Biocyc:(4-METHYLPENTANAL)	34581391726
80	1	N/A	-131.86375121774432	C6H12O	[M + H]+	JHEPBQHNVNUAFL	InChI=1S/C6H12O/c1-2-3-4-5-6-7/h5-7H,2-4H2,1H3	ACMC-20hzvz	CCCCC=CO	2.20000005	10057450;11320910;53955250	PubChem:(10057450 11320910 53955250)	2
81	1	N/A	-131.9947234569086	C6H12O	[M + H]+	LTNUSYNQZJZUSY	InChI=1S/C6H12O/c1-6(2,3)4-5-7/h5H,4H2,1-3H3	3,3-dimethylbutanal	CC(C)(C)CC=O	1.39999998	76335	NORMAN:(NS00028794);MeSH:(76335);PubChem class - safety and toxic;PubChem:(76335);PubMed	67371078
82	1	N/A	-132.38941818309877	C6H12O	[M + H]+	WDKUXUZYKCXAHC	InChI=1S/C6H12O/c1-6(2)3-4-7-5-6/h3-5H2,1-2H3	3,3-dimethyloxolane	CC1(CCOC1)C	1.39999998	641543	PubChem:(641543)	2
83	1	N/A	-132.50590520086297	C6H12O	[M + H]+	LNPNXWKVAFKIBX	InChI=1S/C6H12O/c1-3-4-5-6(2)7/h3,6-7H,1,4-5H2,2H3	(2R)-5-hexen-2-ol	CC(CCC=C)O	1.39999998	41170;10820481;11848709;11848710;25240499;89211920;89211921	PubChem class - safety and toxic;PubChem:(41170 10820481 11848709 11848710 25240499 89211920 89211921);PubMed	67108930
84	1	N/A	-132.59429953241255	C6H12O	[M + H]+	OVRDLJJMKGWDHY	InChI=1S/C6H12O/c1-3-4-6(2)5-7/h5,7H,3-4H2,1-2H3	ACMC-20lyzo	CCCC(=CO)C	2.29999995	71330527;87147287;88251614	PubChem:(71330527 87147287 88251614)	2
85	1	N/A	-132.66764743504672	C6H12O	[M + H]+	WHATVSMTILGUIH	InChI=1S/C6H12O/c1-4-6(2)5-7-3/h4H,5H2,1-3H3	2-Butene, 1-methoxy-2-methyl-	CC=C(C)COC	1.60000002	559072;5367940;13707472	PubChem:(559072 5367940 13707472)	2
86	1	N/A	-132.67953591786497	C6H12O	[M + H]+	WAUSACZHKBGTGF	InChI=1S/C6H12O/c1-5(7-2)6-3-4-6/h5-6H,3-4H2,1-2H3	Cyclopropane, (1-methoxyethyl)-	CC(C1CC1)OC	1.29999995	13513692;89924948;130224169	PubChem:(13513692 89924948 130224169)	2
87	1	N/A	-132.8056718882728	C6H12O	[M + H]+	SZPKMIRLEAFMBV	InChI=1S/C6H12O/c1-3-6(2)4-5-7/h3,7H,4-5H2,1-2H3	3-Methyl-3-penten-1-ol	CC=C(C)CCO	1.5	74365;5362800;12576400	PubChem:(74365 5362800 12576400);NORMAN:(NS00025603)	262146
88	1	N/A	-133.05709317706203	C6H12O	[M + H]+	DRURENFFNAYFBV	InChI=1S/C6H12O/c1-5-3-4-6(5)7-2/h5-6H,3-4H2,1-2H3	null	CC1CCC1OC	1.39999998	53978942;89072689;88972334	PubChem:(53978942 89072689 88972334)	2
89	1	N/A	-133.72375804889685	C6H12O	[M + H]+	FVOALQOAKFPOCF	InChI=1S/C6H12O/c1-4-5(2)6(3)7/h7H,4H2,1-3H3	(E)-3-methylpent-2-en-2-ol	CCC(=C(C)O)C	2.20000005	19860146;18638443	PubChem:(19860146 18638443)	2
90	1	N/A	-133.90680101424243	C6H12O	[M + H]+	OSUIFWPTEFZCMB	InChI=1S/C6H12O/c1-5(2)6(3)4-7/h6-7H,1,4H2,2-3H3	3-Buten-1-ol, 2,3-dimethyl-	CC(CO)C(=C)C	1.60000002	12603472;12603473;71419626	PubChem:(12603472 12603473 71419626)	2
91	1	N/A	-134.491618242464	C6H12O	[M + H]+	PWPZIKFOLHIMEL	InChI=1S/C6H13O/c1-6(2,3)4-5-7/h7H,1,4-5H2,2-3H3/q+1	null	CC(C)([CH2+])CCO	1.60000002	23523624	PubChem:(23523624)	2
92	1	N/A	-134.51966619862534	C6H12O	[M + H]+	BISNXINZPJEJOE	InChI=1S/C6H13O/c1-4-6(5-2)7-3/h4-5H2,1-3H3/q+1	null	CC[C+](CC)OC	1.89999998	57666552	PubChem:(57666552)	2
93	1	N/A	-134.5675185346443	C6H12O	[M + H]+	FDXAPWDAAWIDKX	InChI=1S/C6H12O/c1-4-6(2)5-7-3/h2,4-5H2,1,3H3	null	CCC(=C)COC	1.79999995	64666823	PubChem:(64666823)	2
94	1	N/A	-135.26695167265007	C6H12O	[M + H]+	KPHPTSMXBAVNPX	InChI=1S/C6H12O/c1-5(2)4-6(3)7/h6-7H,1,4H2,2-3H3	4-Methyl-4-penten-2-ol	CC(CC(=C)C)O	1.70000005	102730;12277035;10975419	PubChem:(102730 12277035 10975419);NORMAN:(NS00045019)	262146
95	1	N/A	-135.64183078255414	C6H12O	[M + H]+	XWNYYPGYMXWXPQ	InChI=1S/C6H12O/c1-2-5-7-6-3-4-6/h6H,2-5H2,1H3	propoxycyclopropane	CCCOC1CC1	1.5	20644600	PubChem:(20644600)	2
96	1	N/A	-135.87922835497258	C6H12O	[M + H]+	FBIAJJOUKFHCRL	InChI=1S/C6H12O/c1-4-3-6(7)5(4)2/h4-7H,3H2,1-2H3	2,3-dimethylcyclobutan-1-ol	CC1CC(C1C)O	1.29999995	21058761;53959768;53959769	PubChem:(21058761 53959768 53959769)	2
97	1	N/A	-136.05228536182508	C6H12O	[M + H]+	YXIOECOAAMLHPG	InChI=1S/C6H12O/c1-5(2)3-6-4-7-6/h5-6H,3-4H2,1-2H3	Isobutyloxirane	CC(C)CC1CO1	1.60000002	90990;12301059;11040636	PubChem:(90990 12301059 11040636);NORMAN:(NS00050423)	262146
98	1	N/A	-136.80441619393517	C6H12O	[M + H]+	SDCXDHFQQVVBEN	InChI=1S/C6H12O/c1-4-6(5-2)7-3/h4H,5H2,1-3H3	(E)-3-methoxypent-2-ene	CCC(=CC)OC	1.89999998	143034;5463279;12705711	PubChem:(143034 5463279 12705711)	2
99	1	N/A	-138.4457771081443	C6H12O	[M + H]+	KDMASJAWKNAFBX	InChI=1S/C6H12O/c1-5(2)6(3)7-4/h5H,3H2,1-2,4H3	2-Methoxy-3-methyl-1-butene	CC(C)C(=C)OC	2.0	142883	PubChem:(142883)	2
100	1	N/A	-138.48989594766687	C6H12O	[M + H]+	YBWQEQTXSHXOJN	InChI=1S/C6H12O/c1-3-6(2)4-5(6)7/h5,7H,3-4H2,1-2H3	null	CCC1(CC1O)C	1.29999995	91347456	PubChem:(91347456)	2
101	1	N/A	-138.529864436603	C6H12O	[M + H]+	HIPLXTICEUKKIT	InChI=1S/C6H12O/c1-5-3-4-7-6(5)2/h5-6H,3-4H2,1-2H3	Furan, tetrahydro-2,3-dimethyl-	CC1CCOC1C	1.39999998	13487342;56837443;56837444;57736393;58714681;68190417;89165820;121479432	PubChem:(13487342 56837443 56837444 57736393 58714681 68190417 89165820 121479432)	2
102	1	N/A	-138.6345830422045	C6H12O	[M + H]+	HMTNBXWKMMTQSP	InChI=1S/C6H12O/c1-4-6(7)5(2)3/h7H,4H2,1-3H3	2-methylpent-2-en-3-ol	CCC(=C(C)C)O	2.20000005	11415401	PubChem:(11415401)	2
103	1	N/A	-138.86410044423107	C6H12O	[M + H]+	OVFUAYYHQWUHCD	InChI=1S/C6H12O/c1-3-5(2)6-4-7-6/h5-6H,3-4H2,1-2H3	Oxirane, (1-methylpropyl)-	CCC(C)C1CO1	1.60000002	5324166;10630447;12930832;12930834;86758958;89079158;89453014	PubChem:(5324166 10630447 12930832 12930834 86758958 89079158 89453014)	2
104	1	N/A	-139.12874973625915	C6H12O	[M + H]+	JQJYBKPZJNGFIF	InChI=1S/C6H12O/c1-3-5-4-6(5)7-2/h5-6H,3-4H2,1-2H3	null	CCC1CC1OC	1.39999998	69627282;89297781;89348272	PubChem:(69627282 89297781 89348272)	2
105	1	N/A	-139.30682700804343	C6H12O	[M + H]+	OXMIDRBAFOEOQT	InChI=1S/C6H12O/c1-5-3-4-6(2)7-5/h5-6H,3-4H2,1-2H3	2,5-dimethyloxolane	CC1CCC(O1)C	1.70280361	13855;16508;7567598;7567603;89233933;118613003;134857506	NORMAN:(NS00042213);COCONUT:(CNP0230648);Natural Products:(UNPD31057);PubChem class - food;PubChem:(13855 16508 7567598 7567603 89233933 118613003 134857506);SuperNatural:(SN00264778);MeSH:(13855);PubChem class - safety and toxic;PubMed	204767302
106	1	N/A	-139.34324435903122	C6H12O	[M + H]+	MVQDNWRPFWUJRQ	InChI=1S/C6H12O/c1-6(2)4-5-7-3/h4H,5H2,1-3H3	1-Methoxy-3-methyl-2-butene	CC(=CCOC)C	1.60000002	316780	PubChem:(316780);KEGG Mine	8589934594
107	1	N/A	-139.83768862625678	C6H12O	[M + H]+	AXUFSYGCBWHIAW	InChI=1S/C6H13O/c1-5(2)6(3)7-4/h5-6H,4H2,1-3H3/q+1	null	CC(C)C(C)[O+]=C	2.79999995	123795870	PubChem:(123795870)	2
108	1	N/A	-140.69177070403398	C6H12O	[M + H]+	NTIZESTWPVYFNL	InChI=1S/C6H12O/c1-5(2)4-6(3)7/h5H,4H2,1-3H3	Hexone	CC(C)CC(=O)C	1.33975732	7909;138367;58482223;124203008	HMDB:(2939);PubChem class - food;SuperNatural:(SN00156106);ZINC bio:(ZINC01482107);additional;HSDB:(108-10-1);MeSH:(7909);PubMed;NORMAN:(NS00009293);COCONUT:(CNP0178924);KNApSAcK:(51562);Natural Products:(UNPD131994);PubChem:(7909 138367 58482223 124203008);YMDB Mine;CHEBI:(82344);PubChem class - bio and metabolites;EcoCyc Mine;KEGG:(C19263);PubChem class - safety and toxic	51761685374
109	1	N/A	-140.7104758269685	C6H12O	[M + H]+	QYPLKDUOPJZROX	InChI=1S/C6H12O/c1-4-6(2,3)5-7/h5H,4H2,1-3H3	2,2-Dimethylbutanal	CCC(C)(C)C=O	1.5	137426	PubChem class - safety and toxic;PubChem:(137426);PubMed	67108930
110	1	N/A	-140.9878258889868	C6H12O	[M + H]+	RIELPFLYWOXARA	InChI=1S/C6H12O/c1-5(2)6-3-4-7-6/h5-6H,3-4H2,1-2H3	2-Isopropyloxetane	CC(C)C1CCO1	1.60000002	537236;66796271;66796287	PubChem:(537236 66796271 66796287)	2
111	1	N/A	-141.06038774825183	C6H12O	[M + H]+	VTIODUHBZHNXFP	InChI=1S/C6H12O/c1-2-3-4-5-6-7/h2-3,7H,4-6H2,1H3	ACMC-20amhh	CC=CCCCO	1.20000005	61370;641248;5365589;51349615	HMDB:(31502);PubChem class - food;SuperNatural:(SN00266881 SN00334056);ZINC bio:(ZINC05225098);MeSH:(61370 5365589);PubMed;NORMAN:(NS00042627);COCONUT:(CNP0309139);Natural Products:(UNPD76922 UNPD79031);PubChem:(61370 641248 5365589 51349615);YMDB Mine;PubChem class - bio and metabolites;PubChem class - safety and toxic	34581291086
112	1	N/A	-141.1937132777413	C6H12O	[M + H]+	YVZSAXXNQWPLNH	InChI=1S/C6H12O/c1-5-2-6(3-5)4-7/h5-7H,2-4H2,1H3	3-Methylcyclobutanemethanol	CC1CC(C1)CO	1.10000002	11819049	PubChem:(11819049)	2
113	1	N/A	-141.58370998336272	C6H12O	[M + H]+	PFGPCAYJUYSJJS	InChI=1S/C6H12O/c1-5(7)6-3-2-4-6/h5-7H,2-4H2,1H3	1-Cyclobutylethanol	CC(C1CCC1)O	1.29999995	142262;40578277;40430270	PubChem:(142262 40578277 40430270)	2
114	1	N/A	-142.47388188963234	C6H12O	[M + H]+	LOFHPLKGPULNQP	InChI=1S/C6H12O/c1-6(2)4-3-5-7/h7H,1,3-5H2,2H3	4-methylpent-4-en-1-ol	CC(=C)CCCO	1.60000002	89737;10844346	PubChem:(89737 10844346);NORMAN:(NS00027204)	262146
115	1	N/A	-142.78836112076002	C6H12O	[M + H]+	VYFPDWQFHMAQNZ	InChI=1S/C6H12O/c1-3-6-4-5(2)7-6/h5-6H,3-4H2,1-2H3	2-ethyl-4-methyloxetane	CCC1CC(O1)C	1.60000002	224241	PubChem:(224241)	2
116	1	N/A	-142.86454913176286	C6H12O	[M + H]+	OQZFTWXEQGUSRD	InChI=1S/C6H12O/c1-2-3-5-4-6(5)7/h5-7H,2-4H2,1H3	Cyclopropanol, 2-propyl-	CCCC1CC1O	1.39999998	13568632;89374146;89420049;89432404	PubChem:(13568632 89374146 89420049 89432404)	2
117	1	N/A	-142.9253214778822	C6H12O	[M + H]+	OMWMJRYDMINKPQ	InChI=1S/C6H12O/c1-4-5-6(2)7-3/h5H,4H2,1-3H3	2-Pentene, 2-methoxy-	CCC=C(C)OC	1.89999998	521076;5363459;5463218	PubChem:(521076 5363459 5463218)	2
118	1	N/A	-143.58180004698588	C6H12O	[M + H]+	MTWFYACXUWVJMS	InChI=1S/C6H13O/c1-2-3-4-5-6-7/h7H,1-6H2/q+1	null	[CH2+]CCCCCO	0.0	135973481	PubChem:(135973481)	2
119	1	N/A	-143.74239011646307	C6H12O	[M + H]+	FBXDUTRLKLNFSI	InChI=1S/C6H12O/c1-5(2)6(3)4-7/h4-5,7H,1-3H3	(E)-2,3-dimethylbut-1-en-1-ol	CC(C)C(=CO)C	2.0999999	20288869;59728774	PubChem:(20288869 59728774)	2
120	1	N/A	-144.37594074594185	C6H12O	[M + H]+	JRKCHZNIMYXNJD	InChI=1S/C6H12O/c1-3-6(4-2)5-7/h3,6-7H,1,4-5H2,2H3	2-ethylbut-3-en-1-ol	CCC(CO)C=C	1.29999995	11094549;11159296;11274973;102069149	PubChem:(11094549 11159296 11274973 102069149);PubChem class - safety and toxic	67108866
121	1	N/A	-145.14494085616948	C6H12O	[M + H]+	DIFLACVKHFMSON	InChI=1S/C6H12O/c1-6(2)4-5(6)7-3/h5H,4H2,1-3H3	null	CC1(CC1OC)C	1.5	88983603	PubChem:(88983603)	2
122	1	N/A	-145.27341507852597	C6H12O	[M + H]+	BHZPHJWPPWDASK	InChI=1S/C6H12O/c1-4-5-6(2)7-3/h4-6H,1-3H3	2-Methoxypentene-4	CC=CC(C)OC	1.39999998	213840;5367912;10725298;13085109;21765831;101919258;129106858	PubChem:(213840 5367912 10725298 13085109 21765831 101919258 129106858);PubChem class - safety and toxic	67108866
123	1	N/A	-145.65930193673017	C6H12O	[M + H]+	JPCBGVISUDCKTF	InChI=1S/C6H12O/c1-2-7-6-4-3-5-6/h6H,2-5H2,1H3	null	CCOC1CCC1	1.39999998	12500872	PubChem:(12500872)	2
124	1	N/A	-145.7123230117937	C6H12O	[M + H]+	NCKNMKRLNYBYQP	InChI=1S/C6H13O/c1-2-7-5-3-4-6-7/h2-6H2,1H3/q+1	1-ethyloxolan-1-ium	CC[O+]1CCCC1	0.0	21523247	PubChem:(21523247);PubMed	66
125	1	N/A	-145.74590128068417	C6H12O	[M + H]+	ANULSIHYRBSZSF	InChI=1S/C6H12O/c1-3-6-5(2)4-7-6/h5-6H,3-4H2,1-2H3	Oxetane,2-ethyl-3-methyl-	CCC1C(CO1)C	1.60000002	40894;89791501	PubChem:(40894 89791501)	2
126	1	N/A	-146.4108688747726	C6H12O	[M + H]+	FKKLUOCEIANSFL	InChI=1S/C6H12O/c1-6(2)4-3-5-7/h4,7H,3,5H2,1-2H3	4-Methyl-3-penten-1-ol	CC(=CCCO)C	1.5	136582	COCONUT:(CNP0410779);PubChem class - safety and toxic;PubChem:(136582);CHEBI:(138388)	69206050
127	1	N/A	-146.4563540773911	C6H12O	[M + H]+	NESVUBRRIXTTFC	InChI=1S/C6H13O/c1-3-5-6(7)4-2/h6-7H,2-5H2,1H3/q+1	null	CCCC(C[CH2+])O	0.0	136691535	PubChem:(136691535)	2
128	1	N/A	-147.104279587466	C6H12O	[M + H]+	ZATANNDHAHSIDO	InChI=1S/C6H12O/c1-5-6(2,3)7-4/h1H,5H2,2-4H3	null	CC(C)(C[CH])OC	1.60000002	59529986	PubChem:(59529986)	2
129	1	N/A	-147.3604888340348	C6H12O	[M + H]+	GMZYHUWOVZTDPC	InChI=1S/C6H12O/c1-2-5-3-6(7)4-5/h5-7H,2-4H2,1H3	3-ethylcyclobutan-1-ol	CCC1CC(C1)O	1.39999998	20041454	PubChem:(20041454)	2
130	1	N/A	-147.71441613296992	C6H12O	[M + H]+	OVRKATYHWPCGPZ	InChI=1S/C6H12O/c1-6-2-4-7-5-3-6/h6H,2-5H2,1H3	4-methyltetrahydro-2H-pyran	CC1CCOCC1	1.39999998	78446	NORMAN:(NS00020821);PubChem class - safety and toxic;PubChem:(78446)	67371010
131	1	N/A	-148.00033449388874	C6H12O	[M + H]+	VEALHWXMCIRWGC	InChI=1S/C6H12O/c1-5-2-3-6(7)4-5/h5-7H,2-4H2,1H3	3-Methylcyclopentanol	CC1CCC(C1)O	1.20000005	86785;7006447;7784783;7784785;7788749;12442474;54387143;60105208;89360102	PubChem class - safety and toxic;PubChem:(86785 7006447 7784783 7784785 7788749 12442474 54387143 60105208 89360102);PubMed	67108930
132	1	N/A	-148.49360791771136	C6H12O	[M + H]+	HCRFKZNNRFJHKW	InChI=1S/C6H12O/c1-6(2)3-5(6)4-7/h5,7H,3-4H2,1-2H3	Ambcb4033976	CC1(CC1CO)C	1.10000002	534235;11105320;28065186	PubChem:(534235 11105320 28065186)	2
133	1	N/A	-148.81290430076413	C6H12O	[M + H]+	QQZOPKMRPOGIEB	InChI=1S/C6H12O/c1-3-4-5-6(2)7/h3-5H2,1-2H3	Hexanone	CCCCC(=O)C	1.55932903	11583;138368;59118877;59118879;59274181	HMDB:(5842);SuperNatural:(SN00345531);ZINC bio:(ZINC02034597);HSDB:(591-78-6);MeSH:(11583);PubMed;NORMAN:(NS00008836);COCONUT:(CNP0194685);Natural Products:(UNPD54177);PubChem:(11583 138368 59118877 59118879 59274181);YMDB Mine;CHEBI:(89206);PubChem class - bio and metabolites;EcoCyc Mine;PubChem class - safety and toxic	51626943086
134	1	N/A	-148.83903664876973	C6H12O	[M + H]+	PUAJUZWTECUMDX	InChI=1S/C6H12O/c1-4-6(5-2)7-3/h3,6H,4-5H2,1-2H3	null	CCC(CC)O[CH]	1.89999998	57796721	PubChem:(57796721)	2
135	1	N/A	-148.98384346997815	C6H12O	[M + H]+	CRKITOKPUMNYAG	InChI=1S/C6H12O/c1-5(2)6-3-7-4-6/h5-6H,3-4H2,1-2H3	3-Isopropyloxetane	CC(C)C1COC1	1.39999998	543882	PubChem:(543882)	2
136	1	N/A	-149.15861822270207	C6H12O	[M + H]+	UYOPRNGQFQWYER	InChI=1S/C6H12O/c1-4-5-6(2,3)7/h4,7H,1,5H2,2-3H3	2-Methyl-4-penten-2-ol	CC(C)(CC=C)O	1.29999995	136440;44220765	PubChem:(136440 44220765);PubChem class - safety and toxic	67108866
137	1	N/A	-149.2533658173826	C6H12O	[M + H]+	QFVDGBFHOZBSII	InChI=1S/C6H12O/c1-5(2)6(3)7-4/h1-4H3	2-methoxy-3-methylbut-2-ene	CC(=C(C)OC)C	2.0999999	520277	PubChem:(520277)	2
138	1	N/A	-149.5924725734045	C6H12O	[M + H]+	NMWKDQMLGSDGPK	InChI=1S/C6H12O/c1-5(2)6(3)7-4/h6H,1H2,2-4H3	3-Methoxy-2-methyl-1-butene	CC(C(=C)C)OC	1.70000005	559009	PubChem:(559009)	2
139	1	N/A	-150.498886092334	C6H12O	[M + H]+	KJPUWZVESPGSAG	InChI=1S/C6H12O/c1-2-3-6-4-5-7-6/h6H,2-5H2,1H3	2-Propyloxetane	CCCC1CCO1	1.5	224242;89214090	PubChem:(224242 89214090)	2
140	1	N/A	-151.18763121308632	C6H12O	[M + H]+	ZUSDZQLJCVJXRL	InChI=1S/C6H12O/c1-4-5(2)6(3)7/h4,6-7H,1-3H3	3-methylpent-3-en-2-ol	CC=C(C)C(C)O	1.39999998	301567;5875595;6372307;92165631;92165632;92165633;92165634;130725682;130737342	PubChem:(301567 5875595 6372307 92165631 92165632 92165633 92165634 130725682 130737342);PubMed	66
141	1	N/A	-152.4856930961396	C6H12O	[M + H]+	IKNJKDOJQZFTLW	InChI=1S/C6H12O/c1-2-7-5-6-3-4-6/h6H,2-5H2,1H3	Cyclopropylmethyl ethyl ether	CCOCC1CC1	1.20000005	12500871	PubChem:(12500871)	2
142	1	N/A	-153.3204668739407	C6H12O	[M + H]+	BVOSSZSHBZQJOI	InChI=1S/C6H12O/c1-3-5-6(7)4-2/h4,6-7H,2-3,5H2,1H3	ACMC-20myko	CCCC(C=C)O	1.5	20928;6992421;6999854	HMDB:(31503);PubChem class - food;SuperNatural:(SN00401746);ZINC bio:(ZINC01575584 ZINC02037591);PubMed;NORMAN:(NS00012566);COCONUT:(CNP0193104);Natural Products:(UNPD46409);PubChem:(20928 6992421 6999854);PubChem class - bio and metabolites;PubChem class - safety and toxic;PubChem class - drug	255107146
143	1	N/A	-153.4300595737394	C6H12O	[M + H]+	LXGCIBZDAQMLHO	InChI=1S/C6H12O/c1-3-6(2)4-7-5-6/h3-5H2,1-2H3	3-ethyl-3-methyloxetane	CCC1(COC1)C	1.39999998	520761	PubChem:(520761)	2
144	1	N/A	-153.45464206771896	C6H12O	[M + H]+	FSNBAVGVIXRCCU	InChI=1S/C6H13O/c1-3-4-5-6-7-2/h2-6H2,1H3/q+1	null	CCCCC[O+]=C	2.9000001	123471703	PubChem:(123471703)	2
145	1	N/A	-154.0807595127538	C6H12O	[M + H]+	ZLVDVZPJMSRRNO	InChI=1S/C6H12O/c1-4-6(2,3)5-7/h4,7H,1,5H2,2-3H3	3-Buten-1-ol, 2,2-dimethyl-	CC(C)(CO)C=C	1.5	13087266	PubChem:(13087266);PubChem class - safety and toxic	67108866
146	1	N/A	-154.09027036438934	C6H12O	[M + H]+	JARKCYVAAOWBJS	InChI=1S/C6H12O/c1-2-3-4-5-6-7/h6H,2-5H2,1H3	1-Hexanal	CCCCCC=O	1.91912889	6184;10630451;12207194;10887845;11115998;10464313;18652427;46844232;71317235;101030891;101386182	HMDB:(5994);PubChem class - food;SuperNatural:(SN00156336);ZINC bio:(ZINC01641021);HSDB:(66-25-1);MeSH:(6184);Plantcyc:(HEXANAL SUCCINATE-SEMIALDEHYDE-THIAMINE-PPI);PubMed;NORMAN:(NS00009211);COCONUT:(CNP0076183 CNP0304790);KNApSAcK:(357);Natural Products:(UNPD61556);PubChem:(6184 10630451 12207194 10887845 11115998 10464313 18652427 46844232 71317235 101030891 101386182);CHEBI:(88528);PubChem class - bio and metabolites;EcoCyc Mine;PubChem class - safety and toxic;YMDB:(1759);Biocyc:(HEXANAL);KEGG Mine	25991555710
147	1	N/A	-154.39948410583494	C6H12O	[M + H]+	ZPDIRKNRUWXYLJ	InChI=1S/C6H12O/c1-6(2)4-3-5-7-6/h3-5H2,1-2H3	2,2-dimethyloxolane	CC1(CCCO1)C	1.20000005	136791;12174695	PubChem class - safety and toxic;PubChem:(136791 12174695);PubMed	67108930
148	1	N/A	-154.83434781617981	C6H12O	[M + H]+	UIHCLUNTQKBZGK	InChI=1S/C6H12O/c1-4-5(2)6(3)7/h5H,4H2,1-3H3	3-Methyl-2-pentanone	CCC(C)C(=O)C	1.29999995	11262;6994393;6999802;60064493;60072497	NORMAN:(NS00004347);COCONUT:(CNP0151175);Natural Products:(UNPD65713);PubChem class - food;PubChem:(11262 6994393 6999802 60064493 60072497);SuperNatural:(SN00270836);YMDB Mine;ZINC bio:(ZINC01693921 ZINC02034723);PubChem class - safety and toxic;PubMed;KEGG Mine	43154448450
149	1	N/A	-154.8984663520716	C6H12O	[M + H]+	MJTTYAJZCLTCNX	InChI=1S/C6H12O/c1-3-6(4-2)5-7/h5,7H,3-4H2,1-2H3	2-ethylbut-1-en-1-ol	CCC(=CO)CC	2.20000005	21719937;90911930	PubChem:(21719937 90911930)	2
150	1	N/A	-155.15035749309789	C6H12O	[M + H]+	HTCOCLGRYILICZ	InChI=1S/C6H12O/c1-4-5(2)7-6(4)3/h4-6H,1-3H3	Oxetane, 2,3,4-trimethyl-	CC1C(OC1C)C	1.5	40893;23620951;101606811;102210192	PubChem:(40893 23620951 101606811 102210192)	2
151	1	N/A	-155.73106416890073	C6H12O	[M + H]+	SMOVOSVEEFIBSP	InChI=1S/C6H12O/c1-3-4-5-6(2)7/h4-7H,3H2,1-2H3	3-Hexen-2-ol	CCC=CC(C)O	1.29999995	12465983;12465984;12465985;12465986;12465987;11147676;53660050;71354207;123306741	PubChem:(12465983 12465984 12465985 12465986 12465987 11147676 53660050 71354207 123306741)	2
152	1	N/A	-155.9104050977523	C6H12O	[M + H]+	ACUOERLNXWJPQW	InChI=1S/C6H12O/c1-6(3-4-6)5-7-2/h3-5H2,1-2H3	Cyclopropane, 1-(methoxymethyl)-1-methyl-	CC1(CC1)COC	1.20000005	23382672	PubChem:(23382672)	2
153	1	N/A	-155.95206211301942	C6H12O	[M + H]+	SRXMDYKINVQGHW	InChI=1S/C6H12O/c1-4-5(2)6(4)7-3/h4-6H,1-3H3	1-methoxy-2,3-dimethylcyclopropane	CC1C(C1OC)C	1.5	518234	PubChem:(518234)	2
154	1	N/A	-156.05960886830485	C6H12O	[M + H]+	UFLHIIWVXFIJGU	InChI=1S/C6H12O/c1-2-3-4-5-6-7/h3-4,7H,2,5-6H2,1H3	3-Hexenol	CCC=CCCO	1.29999995	10993;5281167;5284503;10261058;91748599;91748606;100934523	HMDB:(30003);PubChem class - food;SuperNatural:(SN00156160 SN00157354);ZINC bio:(ZINC01531144 ZINC04658605);HSDB:(928-96-1);MeSH:(10993 5281167 5284503);Plantcyc:(CIS-3-HEXENOL);PubMed;NORMAN:(NS00006775);COCONUT:(CNP0255718);KNApSAcK:(36546);Natural Products:(UNPD20329 UNPD134408 UNPD218163);PubChem:(10993 5281167 5284503 10261058 91748599 91748606 100934523);CHEBI:(28857);PubChem class - bio and metabolites;KEGG:(C08492);PubChem class - safety and toxic;YMDB:(1420 1421);Biocyc:(CIS-3-HEXENOL CPD-21242)	221752190
155	1	N/A	-156.17024210540774	C6H12O	[M + H]+	NTQFJVFDPYZXEF	InChI=1S/C6H12O/c1-5(7)6(2,3)4/h7H,1H2,2-4H3	3,3-dimethylbut-1-en-2-ol	CC(C)(C)C(=C)O	2.20000005	5252229;5252230;9989225	PubChem:(5252229 5252230 9989225)	2
156	1	N/A	-156.20874860147677	C6H12O	[M + H]+	XLEVOLDCDMAMSE	InChI=1S/C6H13O/c1-3-5-6(7)4-2/h5-7H,3-4H2,1-2H3/q+1	null	CC[CH+]C(CC)O	0.0	59446169	PubChem:(59446169)	2
157	1	N/A	-156.66513885980174	C6H12O	[M + H]+	ZCHHRLHTBGRGOT	InChI=1S/C6H12O/c1-2-3-4-5-6-7/h4-5,7H,2-3,6H2,1H3	2-Hexenol	CCCC=CCO	1.39999998	13577;5318042;5324489;12512223;12512224;87244416	HMDB:(30952);PubChem class - food;SuperNatural:(SN00156484 SN00290404);ZINC bio:(ZINC01726893 ZINC12358736);MeSH:(5324489);Plantcyc:(TRANS-2-HEXENOL);PubMed;NORMAN:(NS00012567);COCONUT:(CNP0254124);KNApSAcK:(35479);Natural Products:(UNPD67323 UNPD157608);PubChem:(13577 5318042 5324489 12512223 12512224 87244416);CHEBI:(141205 144070);PubChem class - bio and metabolites;PubChem class - safety and toxic;YMDB:(1676);Biocyc:(TRANS-2-HEXENOL);KEGG Mine	8811686014
158	1	N/A	-156.76810900941564	C6H12O	[M + H]+	UHHKSVZZTYJVEG	InChI=1S/C6H12O/c1-2-4-6-7-5-3-1/h1-6H2	perhydrooxepin	C1CCCOCC1	1.69618678	11618	NORMAN:(NS00034125);PubChem:(11618);CHEBI:(49106);PubChem class - safety and toxic;PubMed;KEGG Mine	8657305698
159	1	N/A	-156.91344240610078	C6H12O	[M + H]+	BVIJQMCYYASIFP	InChI=1S/C6H12O/c1-5-3-2-4-6(5)7/h5-7H,2-4H2,1H3	ACMC-20ajgt	CC1CCCC1O	1.20000005	32205;32804;32805;642631;6432271;21572673;45051662;68096567;68249260	NORMAN:(NS00027815);PubChem class - safety and toxic;PubChem:(32205 32804 32805 642631 6432271 21572673 45051662 68096567 68249260);PubMed	67371074
160	1	N/A	-157.11279731655625	C6H12O	[M + H]+	QCKUVLJIMYEIRI	InChI=1S/C6H12O/c1-4-6(5-2)7-3/h4,6H,1,5H2,2-3H3	3-Methoxy-1-pentene	CCC(C=C)OC	1.70000005	551178	COCONUT:(CNP0276971);Natural Products:(UNPD75874);PubChem:(551178);SuperNatural:(SN00333454)	3178498
161	1	N/A	-157.7357171577361	C6H12O	[M + H]+	WMQRWXPBQTWWAT	InChI=1S/C6H13O/c1-5(2)6(3,4)7/h7H,1-4H3/q+1	null	C[C+](C)C(C)(C)O	1.5	138963107	PubChem:(138963107)	2
162	1	N/A	-157.9532094494535	C6H12O	[M + H]+	HYTRYEXINDDXJK	InChI=1S/C6H12O/c1-4-6(7)5(2)3/h5H,4H2,1-3H3	2-Methyl-3-pentanal	CCC(=O)C(C)C	1.5	11265;101215880;101215881;101215882;117828033	NORMAN:(NS00022391);COCONUT:(CNP0169958);HMDB:(5846);Natural Products:(UNPD19160);PubChem:(11265 101215880 101215881 101215882 117828033);CHEBI:(89215);ZINC bio:(ZINC02034716);PubChem class - bio and metabolites;PubChem class - safety and toxic;PubMed	86286442
163	1	N/A	-158.12438110710877	C6H12O	[M + H]+	AYTCGOOJNRZGBU	InChI=1S/C6H12O/c1-4(2)6-5(3)7-6/h4-6H,1-3H3	Pentane, 2,3-epoxy-4-methyl-	CC1C(O1)C(C)C	1.70000005	527855;6431171;6431172;11768506;20837875;59524465	PubChem:(527855 6431171 6431172 11768506 20837875 59524465)	2
164	1	N/A	-158.71194853280156	C6H12O	[M + H]+	KSDFCMCZNDNYSA	InChI=1S/C6H12O/c1-3-6(2)4-5-7-6/h3-5H2,1-2H3	2-ethyl-2-methyloxetane	CCC1(CCO1)C	1.39999998	20726704	PubChem:(20726704)	2
165	1	N/A	-158.80783228110832	C6H12O	[M + H]+	XHCDLTIWJSWMHC	InChI=1S/C6H12O/c1-6(2)4-3-5(6)7/h5,7H,3-4H2,1-2H3	2,2-dimethylcyclobutan-1-ol	CC1(CCC1O)C	1.29999995	58853091;124582649;124582650	PubChem:(58853091 124582649 124582650)	2
166	1	N/A	-158.9894433287008	C6H12O	[M + H]+	URESKCCBDZWNHJ	InChI=1S/C6H12O/c1-4-5(7)6(4,2)3/h4-5,7H,1-3H3	null	CC1C(C1(C)C)O	1.39999998	54368096;130759862;130925448	PubChem:(54368096 130759862 130925448)	2
167	1	N/A	-159.3871967873343	C6H12O	[M + H]+	QFXSWGXWZXSGLC	InChI=1S/C6H12O/c1-3-6(2)4-5-7/h4,7H,3,5H2,1-2H3	3-Methyl-2-pentenol	CCC(=CCO)C	1.5	151039;5366209;5366212	MeSH:(5366209);PubChem:(151039 5366209 5366212);PubMed	70
168	1	N/A	-159.39122077007153	C6H12O	[M + H]+	UOGFCIYBLKSQHL	InChI=1S/C6H12O/c1-3-5-6(7)4-2/h3,6-7H,1,4-5H2,2H3	5-Hexen-3-ol	CCC(CC=C)O	1.60000002	136489;10749148;12414382;59033953	PubChem:(136489 10749148 12414382 59033953);PubChem class - safety and toxic	67108866
169	1	N/A	-159.63224591638198	C6H12O	[M + H]+	DMQPCUMOKHCHSB	InChI=1S/C6H12O/c1-5(7)6(2)3-4-6/h5,7H,3-4H2,1-2H3	null	CC(C1(CC1)C)O	1.10000002	12434709;12434711;58380124	PubChem:(12434709 12434711 58380124)	2
170	1	N/A	-160.90624661089612	C6H12O	[M + H]+	UNNGUFMVYQJGTD	InChI=1S/C6H12O/c1-3-6(4-2)5-7/h5-6H,3-4H2,1-2H3	2-Ethylbutanal	CCC(CC)C=O	1.5	7359	NORMAN:(NS00021412);COCONUT:(CNP0353251);HMDB:(31220);Natural Products:(UNPD56990);PubChem class - food;PubChem:(7359);SuperNatural:(SN00368535);ZINC bio:(ZINC01866965);PubChem class - bio and metabolites;PubChem class - safety and toxic;PubMed	221552714
171	1	N/A	-161.00900413393313	C6H12O	[M + H]+	SAOXPNBHKSWHGW	InChI=1S/C6H12O/c1-5(2)4-6(3)7/h4,6-7H,1-3H3	4-Methyl-3-penten-2-ol	CC(C=C(C)C)O	1.39999998	138190;11829375;11389362;100982366;135037251	PubChem class - safety and toxic;PubChem:(138190 11829375 11389362 100982366 135037251);PubMed	67108930
172	1	N/A	-161.46561567712942	C6H12O	[M + H]+	XSCFYBSMBKILQP	InChI=1S/C6H12O/c1-3-5-4(2)6(5)7/h4-7H,3H2,1-2H3	null	CCC1C(C1O)C	1.29999995	91118025	PubChem:(91118025)	2
173	1	N/A	-162.10761099404317	C6H12O	[M + H]+	BGKKZLRPGJYFIP	InChI=1S/C6H12O/c1-2-5-3-6(5)4-7/h5-7H,2-4H2,1H3	(2-ethylcyclopropyl)methanol	CCC1CC1CO	1.29999995	169378;169980;16215486;57768418;58231684;89313340	PubChem:(169378 169980 16215486 57768418 58231684 89313340);NORMAN:(NS00050383)	262146
174	1	N/A	-162.3358910973159	C6H12O	[M + H]+	ACIAHEMYLLBZOI	InChI=1S/C6H12O/c1-3-6(4-2)5-7/h3,7H,4-5H2,1-2H3	Unsaturated alcohol	CCC(=CC)CO	1.5	439839;6121908;5280549	COCONUT:(CNP0059417);KEGG:(C02893);PubChem:(439839 6121908 5280549);SuperNatural:(SN00213142);CHEBI:(9878)	3146018
175	1	N/A	-162.48000238489888	C6H12O	[M + H]+	UIZVMOZAXAMASY	InChI=1S/C6H12O/c1-2-3-4-5-6-7/h2,7H,1,3-6H2	5-Hexenol	C=CCCCCO	1.39999998	69963;58713957	NORMAN:(NS00022817);COCONUT:(CNP0162421);Natural Products:(UNPD106729);PubChem class - food;PubChem:(69963 58713957);PubChem class - safety and toxic;PubMed	203718722
176	1	N/A	-163.54700749152857	C6H12O	[M + H]+	FSYJSAIZYZZLQM	InChI=1S/C6H12O/c1-3-7-6(2)4-5-6/h3-5H2,1-2H3	null	CCOC1(CC1)C	1.20000005	53642689	PubChem:(53642689)	2
177	1	N/A	-163.69299136886315	C6H12O	[M + H]+	KIKXGIRAIYTCRB	InChI=1S/C6H12O/c1-3-4-6(2)5-7/h4,7H,3,5H2,1-2H3	2-Methylpent-2-en-1-ol	CCC=C(C)CO	1.5	15360;5362851;5362852	NORMAN:(NS00045866);PubChem class - safety and toxic;PubChem:(15360 5362851 5362852)	67371010
178	1	N/A	-163.90990734914246	C6H12O	[M + H]+	COKDPTRKIJFFKC	InChI=1S/C6H12O/c1-4-6(3,7)5-2/h3,7H,4-5H2,1-2H3	null	CCC([CH])(CC)O	1.81403172	59544985	PubChem:(59544985)	2
179	1	N/A	-164.09642793068804	C6H12O	[M + H]+	UJUYWUHAFZCONO	InChI=1S/C6H12O/c1-5-3-6(5)4-7-2/h5-6H,3-4H2,1-2H3	1-(methoxymethyl)-2-methylcyclopropane	CC1CC1COC	1.29999995	20798615;59234222;117694673	PubChem:(20798615 59234222 117694673)	2
180	1	N/A	-164.21632482968428	C6H12O	[M + H]+	BRYMKDNCWBMHIF	InChI=1S/C6H12O/c1-6(2)4-3-5-7/h3-4,6-7H,5H2,1-2H3	2-Penten-1-ol, 4-methyl-	CC(C)C=CCO	1.20000005	534844;5362786;12545397	PubChem:(534844 5362786 12545397)	2
181	1	N/A	-164.61891786563817	C6H12O	[M + H]+	POQJOKGEJIUNMQ	InChI=1S/C6H12O/c1-6(2,3)4-5-7/h4-5,7H,1-3H3	(Z)-3,3-dimethylbut-1-en-1-ol	CC(C)(C)C=CO	2.0	12728998;12728999;21671550;21671551;22524099	PubChem:(12728998 12728999 21671550 21671551 22524099)	2
182	1	N/A	-164.7689695075245	C6H12O	[M + H]+	PCGTXZMDZGOMJG	InChI=1S/C6H12O/c1-3-5-6(4-2)7-5/h5-6H,3-4H2,1-2H3	3,4-Epoxyhexane	CCC1C(O1)CC	1.79999995	138264;12489447;10986164;11018816;87073242	PubChem:(138264 12489447 10986164 11018816 87073242)	2
183	1	N/A	-164.7884227396342	C6H12O	[M + H]+	PGYJSURPYAAOMM	InChI=1S/C6H12O/c1-5-7-6(2,3)4/h5H,1H2,2-4H3	tert-Butyl vinyl ether	CC(C)(C)OC=C	1.79999995	70220	NORMAN:(NS00039473);PubChem class - safety and toxic;PubChem:(70220);PubMed	67371074
184	1	N/A	-164.8123227138651	C6H12O	[M + H]+	PFCHFHIRKBAQGU	InChI=1S/C6H12O/c1-3-5-6(7)4-2/h3-5H2,1-2H3	3-Oxohexane	CCCC(=O)CC	1.20000005	11509;101233908	HMDB:(753);PubChem class - food;ZINC bio:(ZINC02034635);Plantcyc:(CPD-13223);PubMed;NORMAN:(NS00012458);COCONUT:(CNP0248158);Natural Products:(UNPD174508);PubChem:(11509 101233908);CHEBI:(89891);PubChem class - bio and metabolites;PubChem class - safety and toxic;Biocyc:(Heat CPD-13223)	220637290
185	1	N/A	-165.1930495354161	C6H12O	[M + H]+	XKJMEEWZNIOOBO	InChI=1S/C6H12O/c1-5-2-3-6(5)4-7/h5-7H,2-4H2,1H3	(2-methylcyclobutyl)methanol	CC1CCC1CO	1.29999995	10103124;15447289;15447290;23114997;94854293;130736800	PubChem:(10103124 15447289 15447290 23114997 94854293 130736800)	2
186	1	N/A	-165.46625134060042	C6H12O	[M + H]+	BXJQZHHEWYUFAC	InChI=1S/C6H12O/c1-3-4-6(2)5-7/h7H,2-5H2,1H3	null	CCCC(=C)CO	1.79999995	12474173	PubChem:(12474173)	2
187	1	N/A	-165.78928575168635	C6H12O	[M + H]+	ZVTCOQDWIJYYSQ	InChI=1S/C6H12O/c1-2-6(7)5-3-4-5/h5-7H,2-4H2,1H3	1-cyclopropyl-1-propanol	CCC(C1CC1)O	1.20000005	10329254;70313684;70314734	PubChem:(10329254 70313684 70314734)	2
188	1	N/A	-166.0239058367067	C6H12O	[M + H]+	UJQZTMFRMLEYQN	InChI=1S/C6H12O/c1-6-3-2-4-7-5-6/h6H,2-5H2,1H3	3-methyloxane	CC1CCCOC1	1.39999998	117721;641551;58394480	NORMAN:(NS00049970);PubChem class - safety and toxic;PubChem:(117721 641551 58394480);PubMed	67371074
189	1	N/A	-166.2913100654881	C6H12O	[M + H]+	CRTMNLMGAHLKCN	InChI=1S/C6H12O/c1-7-5-4-6-2-3-6/h6H,2-5H2,1H3	2-methoxyethylcyclopropane	COCCC1CC1	1.5	317681	PubChem:(317681);PubMed	66
190	1	N/A	-166.892686505023	C6H12O	[M + H]+	SKTCDJAMAYNROS	InChI=1S/C6H12O/c1-7-6-4-2-3-5-6/h6H,2-5H2,1H3	Methoxycyclopentane	COC1CCCC1	1.29999995	138539;57951064	NORMAN:(NS00021215);PubChem class - safety and toxic;PubChem:(138539 57951064);PubMed;KEGG Mine	8657305666
191	1	N/A	-166.99311701778888	C6H12O	[M + H]+	QPYTWHFJSFIUCO	InChI=1S/C6H11O/c1-6(2,3)4-5-7/h4,7H,1-3H3/q-1	null	CC(C)(C)C=[C-]O	2.0	139101287	PubChem:(139101287)	2
192	1	N/A	-167.70614986669685	C6H12O	[M + H]+	OHCLSNSCCQEQTA	InChI=1S/C6H12O/c1-5(2)6(3)4-7/h5,7H,3-4H2,1-2H3	null	CC(C)C(=C)CO	1.60000002	12504793	PubChem:(12504793)	2
193	1	N/A	-168.11232432818394	C6H12O	[M + H]+	FDVDMIVJLUCMSF	InChI=1S/C6H12O/c1-6(2-3-6)4-5-7/h7H,2-5H2,1H3	2-(1-methylcyclopropyl)ethanol	CC1(CC1)CCO	1.39999998	317678	PubChem:(317678)	2
194	1	N/A	-168.93673623946103	C6H12O	[M + H]+	IFPAPBFCYGUMJZ	InChI=1S/C6H12O/c1-3-6(2)4-5-7/h7H,2-5H2,1H3	1-Pentanol, 3-methylene-	CCC(=C)CCO	1.70000005	12544003	PubChem:(12544003)	2
195	1	N/A	-169.04664558193824	C6H12O	[M + H]+	GRZLMAHWSCCNHS	InChI=1S/C6H12O/c1-5(2)4-6(5,3)7/h7H,4H2,1-3H3	null	CC1(CC1(C)O)C	1.10000002	68062720;135026495	PubChem:(68062720 135026495)	2
196	1	N/A	-169.30064142067735	C6H12O	[M + H]+	JCRHNEYDDMJJBJ	InChI=1S/C6H13O/c1-3-4-7-5-6(7)2/h6H,3-5H2,1-2H3/q+1	null	CCC[O+]1CC1C	0.0	123364406	PubChem:(123364406)	2
197	1	N/A	-169.77792607801177	C6H12O	[M + H]+	CKWZHPCVVYXYEZ	InChI=1S/C6H12O/c1-5(2)6(3)4-7/h7H,4H2,1-3H3	null	CC(=C(C)CO)C	1.70000005	10887843;12673114	PubChem:(10887843 12673114);KEGG Mine	8589934594
198	1	N/A	-170.21166765246747	C6H12O	[M + H]+	LIESJAYIOKBLIL	InChI=1S/C6H12O/c1-3-4-6-5(2)7-6/h5-6H,3-4H2,1-2H3	2-Methyl-3-propyloxirane	CCCC1C(O1)C	1.60000002	22500;12404775;10920453;10931377;22844896;23618535;59106373	COCONUT:(CNP0083069);HMDB:(62792);PubChem:(22500 12404775 10920453 10931377 22844896 23618535 59106373);CHEBI:(84216)	2097194
199	1	N/A	-171.03751346781848	C6H12O	[M + H]+	WTZFNKJLZQBPJH	InChI=1S/C6H12O/c1-4-5(2)6(3)7/h6-7H,2,4H2,1,3H3	3-ethyl-3-buten-2-ol	CCC(=C)C(C)O	1.60000002	10510816;12648109;130697453	PubChem:(10510816 12648109 130697453)	2
200	1	N/A	-171.08292327839226	C6H12O	[M + H]+	JYQDYSFILRQPNU	InChI=1S/C6H12O/c1-5-4-6(5)2-3-7/h5-7H,2-4H2,1H3	null	CC1CC1CCO	1.29999995	58242071;130928578;131133337;134714820	PubChem:(58242071 130928578 131133337 134714820)	2
201	1	N/A	-172.01232295963794	C6H12O	[M + H]+	ZJPJMEMSRAZINP	InChI=1S/C6H13O/c1-3-5-6(7)4-2/h6-7H,1,3-5H2,2H3/q+1	null	CCC(CC[CH2+])O	0.0	23561689	PubChem:(23561689)	2
202	1	N/A	-172.1308376842436	C6H12O	[M + H]+	WHNBDXQTMPYBAT	InChI=1S/C6H12O/c1-2-3-4-6-5-7-6/h6H,2-5H2,1H3	ACMC-20dpmk	CCCCC1CO1	1.6994952	15036;1549991;1560627;11147677;25239948	NORMAN:(NS00044655);PubChem:(15036 1549991 1560627 11147677 25239948);PubChem class - bio and metabolites;MeSH:(15036);PubChem class - safety and toxic;PubMed;Biocyc:(CPD-19036)	84150342
203	1	N/A	-172.45325944157	C6H12O	[M + H]+	KUTQUJKLMUSJFL	InChI=1S/C6H12O/c1-5-6(2,3)4-7-5/h5H,4H2,1-3H3	Oxetane, 2,3,3-trimethyl-	CC1C(CO1)(C)C	1.5	20299965	PubChem:(20299965)	2
204	1	N/A	-173.33181525194206	C6H12O	[M + H]+	OPDWLEDHLKYURY	InChI=1S/C6H12O/c1-6(2)3-5(7)4-6/h5,7H,3-4H2,1-2H3	3,3-dimethylcyclobutan-1-ol	CC1(CC(C1)O)C	1.29999995	58806287	PubChem:(58806287)	2
205	1	N/A	-174.55855874574578	C6H12O	[M + H]+	JWMBARUPLBUPCV	InChI=1S/C6H13O/c1-7-5-3-2-4-6-7/h2-6H2,1H3/q+1	1-methyloxan-1-ium	C[O+]1CCCCC1	0.0	23026377	PubChem:(23026377)	2
206	1	N/A	-174.7876480538055	C6H12O	[M + H]+	PJGSXYOJTGTZAV	InChI=1S/C6H12O/c1-5(7)6(2,3)4/h1-4H3	Pinacolin	CC(=O)C(C)(C)C	1.47164333	6416;143190;12220695;10374419;58217575;58478964;130376830	NORMAN:(NS00037744);PubChem:(6416 143190 12220695 10374419 58217575 58478964 130376830);YMDB Mine;ZINC bio:(ZINC01587715);HSDB:(75-97-8);EcoCyc Mine;MeSH:(6416);PubChem class - safety and toxic;PubMed;KEGG Mine	60196921926
207	1	N/A	-175.28612814930386	C6H12O	[M + H]+	JATXAMXFNMUGBL	InChI=1S/C6H12O/c1-5(2)6(3)4-7-6/h5H,4H2,1-3H3	2-Isopropyl-2-methyloxirane	CC(C)C1(CO1)C	1.39999998	522448;88561202;92859667	PubChem:(522448 88561202 92859667);NORMAN:(NS00061985)	262146
208	1	N/A	-175.52736179680008	C6H12O	[M + H]+	SYQIWVMFOAHDMK	InChI=1S/C6H12O/c1-5(2)6(3,4)7-5/h1-4H3	Tetramethyloxirane	CC1(C(O1)(C)C)C	1.10000002	21159;12174690	NORMAN:(NS00032138);PubChem class - safety and toxic;PubChem:(21159 12174690);PubMed	67371074
209	1	N/A	-175.58392311920133	C6H12O	[M + H]+	ADBKJHCCJUZFAM	InChI=1S/C6H12O/c1-3-6-4-7-5(6)2/h5-6H,3-4H2,1-2H3	null	CCC1COC1C	1.39999998	53835225;89062714	PubChem:(53835225 89062714)	2
210	1	N/A	-175.76811373670404	C6H12O	[M + H]+	ISBNDFWSSCIEHO	InChI=1S/C6H12O/c7-5-1-2-6-3-4-6/h6-7H,1-5H2	Cyclopropanepropanol	C1CC1CCCO	1.39999998	20426485	PubChem:(20426485)	2
211	1	N/A	-176.0961345375319	C6H12O	[M + H]+	YQJIIFPEQVHCJE	InChI=1S/C6H13O/c1-4-6(7)5(2)3/h6-7H,4H2,1-3H3/q+1	null	CCC([C+](C)C)O	1.79999995	90886162	PubChem:(90886162)	2
212	1	N/A	-176.33734321085316	C6H12O	[M + H]+	JYHQCSPKLMSAOQ	InChI=1S/C6H12O/c1-2-3-6-4-7-5-6/h6H,2-5H2,1H3	Oxetane, 3-propyl-	CCCC1COC1	1.5	16080117	PubChem:(16080117)	2
213	1	N/A	-176.4252477308294	C6H12O	[M + H]+	KWUXUOPPQQMMIL	InChI=1S/C6H12O/c1-3-5-6(7)4-2/h3,5-7H,4H2,1-2H3	4-Hexen-3-ol	CCC(C=CC)O	1.29999995	20930;5366234;7420103;7420104;10855390;12465989;11297938;88287667	NORMAN:(NS00046588);PubChem class - safety and toxic;PubChem:(20930 5366234 7420103 7420104 10855390 12465989 11297938 88287667)	67371010
214	1	N/A	-176.54034825309026	C6H12O	[M + H]+	DOWOIXHHMHQXEE	InChI=1S/C6H12O/c1-4-5(2)6(4)3-7/h4-7H,3H2,1-2H3	Cyclopropanemethanol, 2,3-dimethyl-	CC1C(C1CO)C	1.20000005	12579403;12579406;12579407;134970543	PubChem:(12579403 12579406 12579407 134970543)	2
215	1	N/A	-176.9936228051493	C6H12O	[M + H]+	AIUUAKHKOQFCKF	InChI=1S/C6H12O/c1-2-6-3-4-7-5-6/h6H,2-5H2,1H3	Furan, 3-ethyltetrahydro-	CCC1CCOC1	1.39999998	10996972;59833558;66580917	PubChem:(10996972 59833558 66580917)	2
216	1	N/A	-178.0372893891221	C6H12O	[M + H]+	PQXVSODITIXGMV	InChI=1S/C6H12O/c1-7-5-6-3-2-4-6/h6H,2-5H2,1H3	Cyclobutane, (methoxymethyl)-	COCC1CCC1	1.39999998	20798667	PubChem:(20798667)	2
217	1	N/A	-178.45631352184034	C6H12O	[M + H]+	KUARIPXRZDVUJO	InChI=1S/C6H12O/c7-5-4-6-2-1-3-6/h6-7H,1-5H2	Cyclobutaneethanol	C1CC(C1)CCO	1.60000002	21441185	PubChem:(21441185)	2
218	1	N/A	-179.3726139007168	C6H12O	[M + H]+	IHMXVSZXHFTOFN	InChI=1S/C6H12O/c1-2-6-4-3-5-7-6/h6H,2-5H2,1H3	2-ethyloxolane	CCC1CCCO1	1.5	102538;641529;12465998;59626963	PubChem:(102538 641529 12465998 59626963)	2
219	1	N/A	-179.95758225846322	C6H12O	[M + H]+	LVUZRABOZYCSGQ	InChI=1S/C6H12O/c1-5-3-6(5,2)4-7/h5,7H,3-4H2,1-2H3	Cyclopropanemethanol, 1,2-dimethyl-	CC1CC1(C)CO	1.10000002	19437298;68033018	PubChem:(19437298 68033018)	2
220	1	N/A	-180.32399506714788	C6H12O	[M + H]+	NUTBYHRPIPXDAH	InChI=1S/C6H12O/c1-2-6(5-7)3-4-6/h7H,2-5H2,1H3	(1-ethylcyclopropyl)methanol	CCC1(CC1)CO	1.0	23073857	PubChem:(23073857)	2
221	1	N/A	-180.35759628629856	C6H12O	[M + H]+	LDLCPCMYFDWVHY	InChI=1S/C6H12O/c1-5-3-6(2,7)4-5/h5,7H,3-4H2,1-2H3	null	CC1CC(C1)(C)O	1.10000002	56620275	PubChem:(56620275)	2
222	1	N/A	-180.5648047176451	C6H12O	[M + H]+	ITQVACMQJLOIDS	InChI=1S/C6H12O/c1-6(2,7)5-3-4-5/h5,7H,3-4H2,1-2H3	2-Cyclopropyl-2-propanol	CC(C)(C1CC1)O	0.899999976	301459	PubChem:(301459);PubChem class - safety and toxic	67108866
223	1	N/A	-182.6866480458117	C6H12O	[M + H]+	JBHZDUFZWBLFID	InChI=1S/C6H12O/c1-2-5-3-4-6(5)7/h5-7H,2-4H2,1H3	2-ethylcyclobutan-1-ol	CCC1CCC1O	1.20000005	37109;124301560;124301558;124301559;124301561	PubChem:(37109 124301560 124301558 124301559 124301561)	2
224	1	N/A	-182.79857543170274	C6H12O	[M + H]+	YBDQLHBVNXARAU	InChI=1S/C6H12O/c1-6-4-2-3-5-7-6/h6H,2-5H2,1H3	2-methyloxane	CC1CCCCO1	1.39999998	643044;139099;12465995	COCONUT:(CNP0292894);Natural Products:(UNPD220124);PubChem:(643044 139099 12465995);PubMed	2129986
225	1	N/A	-183.61272868900872	C6H12O	[M + H]+	HEAYDCIZOFDHRM	InChI=1S/C6H12O/c1-6(2,3)5-4-7-5/h5H,4H2,1-3H3	ACMC-20angz	CC(C)(C)C1CO1	1.60000002	92174;7005022;6992710	NORMAN:(NS00048592);PubChem class - safety and toxic;PubChem:(92174 7005022 6992710);ZINC bio:(ZINC01583486 ZINC02169134)	67379202
226	1	N/A	-183.83763331513185	C6H12O	[M + H]+	ICRKLQDGASQJFT	InChI=1S/C6H12O/c1-5-4-7-6(5,2)3/h5H,4H2,1-3H3	2,2,3-Trimethyloxetane	CC1COC1(C)C	1.29999995	547738	PubChem:(547738)	2
227	1	N/A	-184.4546964697597	C6H12O	[M + H]+	ISQVBYGGNVVVHB	InChI=1S/C6H12O/c7-5-6-3-1-2-4-6/h6-7H,1-5H2	Cyclopentylcarbinol	C1CCC(C1)CO	1.39999998	77195	NORMAN:(NS00030029);PubChem class - safety and toxic;YMDB:(1361);PubChem:(77195);PubMed	67436610
228	1	N/A	-184.46921695502587	C6H12O	[M + H]+	FFXMEOKFDOVSGT	InChI=1S/C6H12O/c1-3-4-6(2)5-7-6/h3-5H2,1-2H3	2-Methyl-2-propyloxirane	CCCC1(CO1)C	1.39999998	520806;12936857;58868559	PubChem:(520806 12936857 58868559)	2
229	1	N/A	-186.59834888523204	C6H12O	[M + H]+	WESGBEWHILMIMJ	InChI=1S/C6H12O/c1-3-5-4-6(5,2)7/h5,7H,3-4H2,1-2H3	Cyclopropanol, 2-ethyl-1-methyl-	CCC1CC1(C)O	1.10000002	14453684;101667437;122576104	PubChem:(14453684 101667437 122576104)	2
230	1	N/A	-188.085707704694	C6H12O	[M + H]+	VLBAFQVSLHQELL	InChI=1S/C6H12O/c1-6(5-7)3-2-4-6/h7H,2-5H2,1H3	(1-methylcyclobutyl)methanol	CC1(CCC1)CO	1.20000005	520901	PubChem:(520901)	2
231	1	N/A	-188.631528664223	C6H12O	[M + H]+	PEECWTGZUDNPNQ	InChI=1S/C6H12O/c1-2-3-6(7)4-5-6/h7H,2-5H2,1H3	1-propylcyclopropanol	CCCC1(CC1)O	1.20000005	13046622	PubChem:(13046622)	2
232	1	N/A	-190.19997375437373	C6H12O	[M + H]+	HPXRVTGHNJAIIH	InChI=1S/C6H12O/c7-6-4-2-1-3-5-6/h6-7H,1-5H2	Hydralin	C1CCC(CC1)O	1.75715315	7966;140818;143270;143765;2723969;10678194;10796714;12198342;12198345;12198348;14004324;11094607;11829377;20163364;16213541;25240474;101141616;101141617;121320323;132544676;137332361	PubChem class - food;SuperNatural:(SN00156214);ZINC bio:(ZINC01532765);HSDB:(108-93-0);MeSH:(7966);Plantcyc:(CYCLOHEXANOL);PubMed;NORMAN:(NS00010075 NS00046667);COCONUT:(CNP0213861);PubChem:(7966 140818 143270 143765 2723969 10678194 10796714 12198342 12198345 12198348 14004324 11094607 11829377 20163364 16213541 25240474 101141616 101141617 121320323 132544676 137332361);CHEBI:(18099);PubChem class - bio and metabolites;KEGG:(C00854);PubChem class - safety and toxic;YMDB:(1398);PubChem class - drug;Biocyc:(CYCLOHEXANOL)	255273830
233	1	N/A	-190.84774156316792	C6H12O	[M + H]+	DHNPVHJGKASNBQ	InChI=1S/C6H12O/c1-4-6(7)5(2)3/h6-7H,2,4H2,1,3H3	2-methylpent-1-en-3-ol	CCC(C(=C)C)O	1.70000005	16399;1549701;6560259	PubChem:(16399 1549701 6560259);PubChem class - safety and toxic	67108866
234	1	N/A	-192.67195965082487	C6H12O	[M + H]+	ZISUZIXPPXXNPC	InChI=1S/C6H12O/c1-4-6(3)5(2)7-6/h5H,4H2,1-3H3	Oxirane, 2-ethyl-2,3-dimethyl-	CCC1(C(O1)C)C	1.39999998	12936856;11804685;59911370;91567965	PubChem:(12936856 11804685 59911370 91567965)	2
235	1	N/A	-193.48902382067124	C6H12O	[M + H]+	CAKWRXVKWGUISE	InChI=1S/C6H12O/c1-6(7)4-2-3-5-6/h7H,2-5H2,1H3	1-Methylcyclopentanol	CC1(CCCC1)O	1.0	73830;23270746	NORMAN:(NS00024777);PubChem class - safety and toxic;PubChem:(73830 23270746);PubChem class - bio and metabolites	84148226
236	1	N/A	-193.78935269725434	C6H12O	[M + H]+	KZFIDRJBGCIAOG	InChI=1S/C6H12O/c1-5-6(2,3)7-4/h5H,1H2,2-4H3	2-Methoxy-2-methylbut-3-ene	CC(C)(C=C)OC	1.29999995	558909	PubChem:(558909)	2
237	1	N/A	-196.75932847891653	C6H12O	[M + H]+	YPGZPXRJCANRNX	InChI=1S/C6H12O/c1-5-4-6(2,3)7-5/h5H,4H2,1-3H3	2,2,4-Trimethyloxetane	CC1CC(O1)(C)C	1.29999995	537445;117905030	PubChem:(537445 117905030)	2
238	1	N/A	-197.66438904773597	C6H12O	[M + H]+	HWUUJXHUDBJPRY	InChI=1S/C6H12O/c1-5(2)6(7)3-4-6/h5,7H,3-4H2,1-2H3	Cyclopropanol, 1-(1-methylethyl)-	CC(C)C1(CC1)O	1.20000005	14435658	PubChem:(14435658)	2
239	1	N/A	-197.74506297548336	C6H12O	[M + H]+	OZVWXRGXOYUQEJ	InChI=1S/C6H12O/c1-4-5-6(2,3)7-5/h5H,4H2,1-3H3	2,3-Epoxy-2-methylpentane	CCC1C(O1)(C)C	1.39999998	14499;12568503;12568504	MeSH:(14499);PubChem class - safety and toxic;PubChem:(14499 12568503 12568504);PubMed	67108934
240	1	N/A	-198.339877462792	C6H12O	[M + H]+	HFYAEUXHCMTPOL	InChI=1S/C6H12O/c1-4-6(3,7)5-2/h4,7H,1,5H2,2-3H3	Ethylbutenol	CCC(C)(C=C)O	1.29999995	13519;6994763;6999940	NORMAN:(NS00041614);COCONUT:(CNP0352178);HMDB:(61882);PubChem:(13519 6994763 6999940);CHEBI:(88375);PubChem class - bio and metabolites;MeSH:(13519);PubChem class - safety and toxic;PubMed	86245486
241	1	N/A	-198.7933392276151	C6H12O	[M + H]+	QNGGJLIQIQLMQV	InChI=1S/C6H12O/c1-3-6(7)4-5(6)2/h5,7H,3-4H2,1-2H3	null	CCC1(CC1C)O	1.20000005	54236977	PubChem:(54236977)	2
242	1	N/A	-199.00512706122342	C6H12O	[M + H]+	DXIDBOGURSGGDZ	InChI=1S/C6H12O/c1-6(7-2)4-3-5-6/h3-5H2,1-2H3	Cyclobutane, 1-methoxy-1-methyl-	CC1(CCC1)OC	1.20000005	13396127	PubChem:(13396127)	2
243	1	N/A	-199.78634412547757	C6H12O	[M + H]+	OWVUFBAJXKEVBE	InChI=1S/C6H12O/c1-4-5-6(2,3)7/h4-5,7H,1-3H3	2-methylpent-3-en-2-ol	CC=CC(C)(C)O	1.0	112680;5463399;12605069	PubChem class - safety and toxic;PubChem:(112680 5463399 12605069);PubMed	67108930
244	1	N/A	-199.89668193086078	C6H12O	[M + H]+	AWDLBZUXUNIODN	InChI=1S/C6H12O/c1-5(2)6(3,4)7/h7H,1H2,2-4H3	2,3-Dimethyl-3-buten-2-ol	CC(=C)C(C)(C)O	1.39999998	82652	NORMAN:(NS00023315);PubChem class - safety and toxic;PubChem:(82652)	67371010
245	1	N/A	-202.4849279994746	C6H12O	[M + H]+	DTNXZWISPIOFDZ	InChI=1S/C6H12O/c1-5-3-4-6(5,2)7/h5,7H,3-4H2,1-2H3	null	CC1CCC1(C)O	1.10000002	12500939;89403097	PubChem:(12500939 89403097)	2
246	1	N/A	-203.03041459594732	C6H12O	[M + H]+	OVKYVUFYOFPYNK	InChI=1S/C6H12O/c1-3-6(4-2)5-7-6/h3-5H2,1-2H3	2,2-diethyloxirane	CCC1(CO1)CC	1.5	295971	PubChem:(295971)	2
247	1	N/A	-209.68111383377175	C6H12O	[M + H]+	CPRCISLPUCMJKC	InChI=1S/C6H12O/c1-3-6(7-2)4-5-6/h3-5H2,1-2H3	1-ethyl-1-methoxycyclopropane	CCC1(CC1)OC	1.29999995	22084396	PubChem:(22084396)	2
248	1	N/A	-210.67826278623536	C6H12O	[M + H]+	ZQXBPTKCIMXYMS	InChI=1S/C6H12O/c1-2-6(7)4-3-5-6/h7H,2-5H2,1H3	1-ethylcyclobutan-1-ol	CCC1(CCC1)O	1.20000005	145025	PubChem:(145025)	2
249	1	N/A	-212.57485272649856	C6H12O	[M + H]+	AYVYFDIEAQPODA	InChI=1S/C6H12O/c1-5-4-6(5,2)7-3/h5H,4H2,1-3H3	1-methoxy-1,2-dimethylcyclopropane	CC1CC1(C)OC	1.29999995	13707473;13707474	PubChem:(13707473 13707474)	2
250	1	N/A	-217.34185902622642	C6H12O	[M + H]+	VDTIPIWIBXSOCT	InChI=1S/C6H12O/c1-4-5(2)6(4,3)7/h4-5,7H,1-3H3	null	CC1C(C1(C)O)C	1.20000005	91184731	PubChem:(91184731)	2